<?xml version="1.0" encoding="UTF-8"?>
<project-private xmlns="http://www.netbeans.org/ns/project-private/1">
    <editor-bookmarks xmlns="http://www.netbeans.org/ns/editor-bookmarks/2" lastBookmarkId="0"/>
    <open-files xmlns="http://www.netbeans.org/ns/projectui-open-files/2">
        <group>
            <file>file:/C:/Users/Jatin/Documents/NetBeansProjects/Student%20Registration%20System/src/Login.java</file>
            <file>file:/C:/Users/Jatin/Documents/NetBeansProjects/Student%20Registration%20System/src/StudentRegistration.java</file>
            <file>file:/C:/Users/Jatin/Documents/NetBeansProjects/Student%20Registration%20System/src/icons8-timeline-week-48.png</file>
            <file>file:/C:/Users/Jatin/Documents/NetBeansProjects/Student%20Registration%20System/src/UpdateStudent.java</file>
        </group>
    </open-files>
</project-private>
